generation,best,avg,median,mutation_rate
0,0.00002,0.00002,0.00002,0.10000
1,0.00002,0.00002,0.00002,0.09990
2,0.00002,0.00002,0.00002,0.09980
3,0.00002,0.00002,0.00002,0.09970
4,0.00002,0.00002,0.00002,0.09960
5,0.00002,0.00002,0.00002,0.09950
6,0.00002,0.00002,0.00002,0.09940
7,0.00002,0.00002,0.00002,0.09930
8,0.00002,0.00002,0.00002,0.09920
9,0.00002,0.00002,0.00002,0.09910
10,0.00002,0.00002,0.00002,0.09900
11,0.00002,0.00002,0.00002,0.09890
12,0.00002,0.00002,0.00002,0.09880
13,0.00002,0.00002,0.00002,0.09870
14,0.00002,0.00002,0.00002,0.09860
15,0.00002,0.00002,0.00002,0.09850
16,0.00002,0.00002,0.00002,0.09840
17,0.00002,0.00002,0.00002,0.09830
18,0.00002,0.00002,0.00002,0.09820
19,0.00002,0.00002,0.00002,0.09810
20,0.00002,0.00002,0.00002,0.09800
21,0.00002,0.00002,0.00002,0.09790
22,0.00002,0.00002,0.00002,0.09780
23,0.00002,0.00002,0.00002,0.09770
24,0.00002,0.00002,0.00002,0.09760
25,0.00002,0.00002,0.00002,0.09750
26,0.00002,0.00002,0.00002,0.09740
27,0.00002,0.00002,0.00002,0.09730
28,0.00002,0.00002,0.00002,0.09720
29,0.00002,0.00002,0.00002,0.09710
30,0.00002,0.00002,0.00002,0.09700
31,0.00002,0.00002,0.00002,0.09690
32,0.00002,0.00002,0.00002,0.09680
33,0.00002,0.00002,0.00002,0.09670
34,0.00002,0.00002,0.00002,0.09660
35,0.00002,0.00002,0.00002,0.09650
36,0.00002,0.00002,0.00002,0.09640
37,0.00002,0.00002,0.00002,0.09630
38,0.00002,0.00002,0.00002,0.09620
39,0.00002,0.00002,0.00002,0.09610
40,0.00002,0.00002,0.00002,0.09600
41,0.00002,0.00002,0.00002,0.09590
42,0.00002,0.00002,0.00002,0.09580
43,0.00002,0.00002,0.00002,0.09570
44,0.00002,0.00002,0.00002,0.09560
45,0.00002,0.00002,0.00002,0.09550
46,0.00002,0.00002,0.00002,0.09540
47,0.00002,0.00002,0.00002,0.09530
48,0.00002,0.00002,0.00002,0.09520
49,0.00003,0.00002,0.00002,0.09510
50,0.00003,0.00002,0.00002,0.09500
51,0.00003,0.00002,0.00002,0.09490
52,0.00003,0.00002,0.00002,0.09480
53,0.00003,0.00002,0.00003,0.09470
54,0.00003,0.00003,0.00003,0.09460
55,0.00003,0.00003,0.00003,0.09450
56,0.00003,0.00003,0.00003,0.09440
57,0.00003,0.00003,0.00003,0.09430
58,0.00003,0.00003,0.00003,0.09420
59,0.00003,0.00003,0.00003,0.09410
60,0.00003,0.00003,0.00003,0.09400
61,0.00003,0.00003,0.00003,0.09390
62,0.00003,0.00003,0.00003,0.09380
63,0.00003,0.00003,0.00003,0.09370
64,0.00003,0.00003,0.00003,0.09360
65,0.00003,0.00003,0.00003,0.09350
66,0.00003,0.00003,0.00003,0.09340
67,0.00003,0.00003,0.00003,0.09330
68,0.00003,0.00003,0.00003,0.09320
69,0.00003,0.00003,0.00003,0.09310
70,0.00003,0.00003,0.00003,0.09300
71,0.00003,0.00003,0.00003,0.09290
72,0.00003,0.00003,0.00003,0.09280
73,0.00003,0.00003,0.00003,0.09270
74,0.00003,0.00003,0.00003,0.09260
75,0.00003,0.00003,0.00003,0.09250
76,0.00003,0.00003,0.00003,0.09240
77,0.00003,0.00003,0.00003,0.09230
78,0.00003,0.00003,0.00003,0.09220
79,0.00003,0.00003,0.00003,0.09210
80,0.00003,0.00003,0.00003,0.09200
81,0.00003,0.00003,0.00003,0.09190
82,0.00003,0.00003,0.00003,0.09180
83,0.00003,0.00003,0.00003,0.09170
84,0.00003,0.00003,0.00003,0.09160
85,0.00003,0.00003,0.00003,0.09150
86,0.00003,0.00003,0.00003,0.09140
87,0.00003,0.00003,0.00003,0.09130
88,0.00003,0.00003,0.00003,0.09120
89,0.00003,0.00003,0.00003,0.09110
90,0.00003,0.00003,0.00003,0.09100
91,0.00003,0.00003,0.00003,0.09090
92,0.00003,0.00003,0.00003,0.09080
93,0.00003,0.00003,0.00003,0.09070
94,0.00003,0.00003,0.00003,0.09060
95,0.00003,0.00003,0.00003,0.09050
96,0.00003,0.00003,0.00003,0.09040
97,0.00003,0.00003,0.00003,0.09030
98,0.00003,0.00003,0.00003,0.09020
99,0.00003,0.00003,0.00003,0.09010
100,0.00003,0.00003,0.00003,0.09000
101,0.00003,0.00003,0.00003,0.08990
102,0.00003,0.00003,0.00003,0.08980
103,0.00003,0.00003,0.00003,0.08970
104,0.00003,0.00003,0.00003,0.08960
105,0.00003,0.00003,0.00003,0.08950
106,0.00003,0.00003,0.00003,0.08940
107,0.00003,0.00003,0.00003,0.08930
108,0.00003,0.00003,0.00003,0.08920
109,0.00003,0.00003,0.00003,0.08910
110,0.00003,0.00003,0.00003,0.08900
111,0.00003,0.00003,0.00003,0.08890
112,0.00003,0.00003,0.00003,0.08880
113,0.00003,0.00003,0.00003,0.08870
114,0.00003,0.00003,0.00003,0.08860
115,0.00003,0.00003,0.00003,0.08850
116,0.00003,0.00003,0.00003,0.08840
117,0.00003,0.00003,0.00003,0.08830
118,0.00003,0.00003,0.00003,0.08820
119,0.00003,0.00003,0.00003,0.08810
120,0.00003,0.00003,0.00003,0.08800
121,0.00003,0.00003,0.00003,0.08790
122,0.00003,0.00003,0.00003,0.08780
123,0.00003,0.00003,0.00003,0.08770
124,0.00003,0.00003,0.00003,0.08760
125,0.00003,0.00003,0.00003,0.08750
126,0.00003,0.00003,0.00003,0.08740
127,0.00003,0.00003,0.00003,0.08730
128,0.00003,0.00003,0.00003,0.08720
129,0.00003,0.00003,0.00003,0.08710
130,0.00003,0.00003,0.00003,0.08700
131,0.00003,0.00003,0.00003,0.08690
132,0.00003,0.00003,0.00003,0.08680
133,0.00003,0.00003,0.00003,0.08670
134,0.00003,0.00003,0.00003,0.08660
135,0.00003,0.00003,0.00003,0.08650
136,0.00003,0.00003,0.00003,0.08640
137,0.00003,0.00003,0.00003,0.08630
138,0.00003,0.00003,0.00003,0.08620
139,0.00003,0.00003,0.00003,0.08610
140,0.00003,0.00003,0.00003,0.08600
141,0.00003,0.00003,0.00003,0.08590
142,0.00003,0.00003,0.00003,0.08580
143,0.00003,0.00003,0.00003,0.08570
144,0.00003,0.00003,0.00003,0.08560
145,0.00003,0.00003,0.00003,0.08550
146,0.00003,0.00003,0.00003,0.08540
147,0.00003,0.00003,0.00003,0.08530
148,0.00003,0.00003,0.00003,0.08520
149,0.00003,0.00003,0.00003,0.08510
150,0.00003,0.00003,0.00003,0.08500
151,0.00003,0.00003,0.00003,0.08490
152,0.00003,0.00003,0.00003,0.08480
153,0.00003,0.00003,0.00003,0.08470
154,0.00003,0.00003,0.00003,0.08460
155,0.00003,0.00003,0.00003,0.08450
156,0.00003,0.00003,0.00003,0.08440
157,0.00003,0.00003,0.00003,0.08430
158,0.00003,0.00003,0.00003,0.08420
159,0.00003,0.00003,0.00003,0.08410
160,0.00003,0.00003,0.00003,0.08400
161,0.00003,0.00003,0.00003,0.08390
162,0.00003,0.00003,0.00003,0.08380
163,0.00003,0.00003,0.00003,0.08370
164,0.00003,0.00003,0.00003,0.08360
165,0.00003,0.00003,0.00003,0.08350
166,0.00003,0.00003,0.00003,0.08340
167,0.00003,0.00003,0.00003,0.08330
168,0.00003,0.00003,0.00003,0.08320
169,0.00003,0.00003,0.00003,0.08310
170,0.00003,0.00003,0.00003,0.08300
171,0.00003,0.00003,0.00003,0.08290
172,0.00003,0.00003,0.00003,0.08280
173,0.00003,0.00003,0.00003,0.08270
174,0.00003,0.00003,0.00003,0.08260
175,0.00003,0.00003,0.00003,0.08250
176,0.00003,0.00003,0.00003,0.08240
177,0.00003,0.00003,0.00003,0.08230
178,0.00003,0.00003,0.00003,0.08220
179,0.00003,0.00003,0.00003,0.08210
180,0.00003,0.00003,0.00003,0.08200
181,0.00003,0.00003,0.00003,0.08190
182,0.00003,0.00003,0.00003,0.08180
183,0.00003,0.00003,0.00003,0.08170
184,0.00003,0.00003,0.00003,0.08160
185,0.00003,0.00003,0.00003,0.08150
186,0.00003,0.00003,0.00003,0.08140
187,0.00003,0.00003,0.00003,0.08130
188,0.00003,0.00003,0.00003,0.08120
189,0.00003,0.00003,0.00003,0.08110
190,0.00003,0.00003,0.00003,0.08100
191,0.00003,0.00003,0.00003,0.08090
192,0.00003,0.00003,0.00003,0.08080
193,0.00003,0.00003,0.00003,0.08070
194,0.00003,0.00003,0.00003,0.08060
195,0.00003,0.00003,0.00003,0.08050
196,0.00003,0.00003,0.00003,0.08040
197,0.00003,0.00003,0.00003,0.08030
198,0.00003,0.00003,0.00003,0.08020
199,0.00003,0.00003,0.00003,0.08010
200,0.00003,0.00003,0.00003,0.08000
201,0.00003,0.00003,0.00003,0.07990
202,0.00003,0.00003,0.00003,0.07980
203,0.00003,0.00003,0.00003,0.07970
204,0.00003,0.00003,0.00003,0.07960
205,0.00003,0.00003,0.00003,0.07950
206,0.00003,0.00003,0.00003,0.07940
207,0.00003,0.00003,0.00003,0.07930
208,0.00003,0.00003,0.00003,0.07920
209,0.00003,0.00003,0.00003,0.07910
210,0.00003,0.00003,0.00003,0.07900
211,0.00003,0.00003,0.00003,0.07890
212,0.00003,0.00003,0.00003,0.07880
213,0.00003,0.00003,0.00003,0.07870
214,0.00003,0.00003,0.00003,0.07860
215,0.00003,0.00003,0.00003,0.07850
216,0.00003,0.00003,0.00003,0.07840
217,0.00003,0.00003,0.00003,0.07830
218,0.00003,0.00003,0.00003,0.07820
219,0.00003,0.00003,0.00003,0.07810
220,0.00003,0.00003,0.00003,0.07800
221,0.00003,0.00003,0.00003,0.07790
222,0.00003,0.00003,0.00003,0.07780
223,0.00003,0.00003,0.00003,0.07770
224,0.00003,0.00003,0.00003,0.07760
225,0.00003,0.00003,0.00003,0.07750
226,0.00003,0.00003,0.00003,0.07740
227,0.00003,0.00003,0.00003,0.07730
228,0.00003,0.00003,0.00003,0.07720
229,0.00003,0.00003,0.00003,0.07710
230,0.00003,0.00003,0.00003,0.07700
231,0.00003,0.00003,0.00003,0.07690
232,0.00003,0.00003,0.00003,0.07680
233,0.00003,0.00003,0.00003,0.07670
234,0.00004,0.00003,0.00003,0.07660
235,0.00004,0.00003,0.00003,0.07650
236,0.00004,0.00003,0.00003,0.07640
237,0.00004,0.00003,0.00003,0.07630
238,0.00004,0.00003,0.00003,0.07620
239,0.00004,0.00003,0.00004,0.07610
240,0.00004,0.00004,0.00004,0.07600
241,0.00004,0.00004,0.00004,0.07590
242,0.00004,0.00004,0.00004,0.07580
243,0.00004,0.00004,0.00004,0.07570
244,0.00004,0.00004,0.00004,0.07560
245,0.00004,0.00004,0.00004,0.07550
246,0.00004,0.00004,0.00004,0.07540
247,0.00004,0.00004,0.00004,0.07530
248,0.00004,0.00004,0.00004,0.07520
249,0.00004,0.00004,0.00004,0.07510
250,0.00004,0.00004,0.00004,0.07500
251,0.00004,0.00004,0.00004,0.07490
252,0.00004,0.00004,0.00004,0.07480
253,0.00004,0.00004,0.00004,0.07470
254,0.00004,0.00004,0.00004,0.07460
255,0.00004,0.00004,0.00004,0.07450
256,0.00004,0.00004,0.00004,0.07440
257,0.00004,0.00004,0.00004,0.07430
258,0.00004,0.00004,0.00004,0.07420
259,0.00004,0.00004,0.00004,0.07410
260,0.00004,0.00004,0.00004,0.07400
261,0.00004,0.00004,0.00004,0.07390
262,0.00004,0.00004,0.00004,0.07380
263,0.00004,0.00004,0.00004,0.07370
264,0.00004,0.00004,0.00004,0.07360
265,0.00004,0.00004,0.00004,0.07350
266,0.00004,0.00004,0.00004,0.07340
267,0.00004,0.00004,0.00004,0.07330
268,0.00004,0.00004,0.00004,0.07320
269,0.00004,0.00004,0.00004,0.07310
270,0.00004,0.00004,0.00004,0.07300
271,0.00004,0.00004,0.00004,0.07290
272,0.00004,0.00004,0.00004,0.07280
273,0.00004,0.00004,0.00004,0.07270
274,0.00004,0.00004,0.00004,0.07260
275,0.00004,0.00004,0.00004,0.07250
276,0.00004,0.00004,0.00004,0.07240
277,0.00004,0.00004,0.00004,0.07230
278,0.00004,0.00004,0.00004,0.07220
279,0.00004,0.00004,0.00004,0.07210
280,0.00004,0.00004,0.00004,0.07200
281,0.00004,0.00004,0.00004,0.07190
282,0.00004,0.00004,0.00004,0.07180
283,0.00004,0.00004,0.00004,0.07170
284,0.00004,0.00004,0.00004,0.07160
285,0.00004,0.00004,0.00004,0.07150
286,0.00004,0.00004,0.00004,0.07140
287,0.00004,0.00004,0.00004,0.07130
288,0.00004,0.00004,0.00004,0.07120
289,0.00004,0.00004,0.00004,0.07110
290,0.00004,0.00004,0.00004,0.07100
291,0.00004,0.00004,0.00004,0.07090
292,0.00004,0.00004,0.00004,0.07080
293,0.00004,0.00004,0.00004,0.07070
294,0.00004,0.00004,0.00004,0.07060
295,0.00004,0.00004,0.00004,0.07050
296,0.00004,0.00004,0.00004,0.07040
297,0.00004,0.00004,0.00004,0.07030
298,0.00004,0.00004,0.00004,0.07020
299,0.00004,0.00004,0.00004,0.07010
300,0.00004,0.00004,0.00004,0.07000
301,0.00004,0.00004,0.00004,0.06990
302,0.00004,0.00004,0.00004,0.06980
303,0.00004,0.00004,0.00004,0.06970
304,0.00004,0.00004,0.00004,0.06960
305,0.00004,0.00004,0.00004,0.06950
306,0.00004,0.00004,0.00004,0.06940
307,0.00004,0.00004,0.00004,0.06930
308,0.00004,0.00004,0.00004,0.06920
309,0.00004,0.00004,0.00004,0.06910
310,0.00004,0.00004,0.00004,0.06900
311,0.00004,0.00004,0.00004,0.06890
312,0.00004,0.00004,0.00004,0.06880
313,0.00004,0.00004,0.00004,0.06870
314,0.00004,0.00004,0.00004,0.06860
315,0.00004,0.00004,0.00004,0.06850
316,0.00004,0.00004,0.00004,0.06840
317,0.00004,0.00004,0.00004,0.06830
318,0.00004,0.00004,0.00004,0.06820
319,0.00004,0.00004,0.00004,0.06810
320,0.00004,0.00004,0.00004,0.06800
321,0.00004,0.00004,0.00004,0.06790
322,0.00004,0.00004,0.00004,0.06780
323,0.00004,0.00004,0.00004,0.06770
324,0.00004,0.00004,0.00004,0.06760
325,0.00004,0.00004,0.00004,0.06750
326,0.00004,0.00004,0.00004,0.06740
327,0.00004,0.00004,0.00004,0.06730
328,0.00004,0.00004,0.00004,0.06720
329,0.00004,0.00004,0.00004,0.06710
330,0.00004,0.00004,0.00004,0.06700
331,0.00004,0.00004,0.00004,0.06690
332,0.00004,0.00004,0.00004,0.06680
333,0.00004,0.00004,0.00004,0.06670
334,0.00004,0.00004,0.00004,0.06660
335,0.00004,0.00004,0.00004,0.06650
336,0.00004,0.00004,0.00004,0.06640
337,0.00004,0.00004,0.00004,0.06630
338,0.00004,0.00004,0.00004,0.06620
339,0.00004,0.00004,0.00004,0.06610
340,0.00004,0.00004,0.00004,0.06600
341,0.00004,0.00004,0.00004,0.06590
342,0.00004,0.00004,0.00004,0.06580
343,0.00004,0.00004,0.00004,0.06570
344,0.00004,0.00004,0.00004,0.06560
345,0.00004,0.00004,0.00004,0.06550
346,0.00004,0.00004,0.00004,0.06540
347,0.00004,0.00004,0.00004,0.06530
348,0.00004,0.00004,0.00004,0.06520
349,0.00004,0.00004,0.00004,0.06510
350,0.00004,0.00004,0.00004,0.06500
351,0.00004,0.00004,0.00004,0.06490
352,0.00004,0.00004,0.00004,0.06480
353,0.00004,0.00004,0.00004,0.06470
354,0.00004,0.00004,0.00004,0.06460
355,0.00004,0.00004,0.00004,0.06450
356,0.00004,0.00004,0.00004,0.06440
357,0.00004,0.00004,0.00004,0.06430
358,0.00004,0.00004,0.00004,0.06420
359,0.00004,0.00004,0.00004,0.06410
360,0.00004,0.00004,0.00004,0.06400
361,0.00004,0.00004,0.00004,0.06390
362,0.00004,0.00004,0.00004,0.06380
363,0.00004,0.00004,0.00004,0.06370
364,0.00004,0.00004,0.00004,0.06360
365,0.00004,0.00004,0.00004,0.06350
366,0.00004,0.00004,0.00004,0.06340
367,0.00004,0.00004,0.00004,0.06330
368,0.00004,0.00004,0.00004,0.06320
369,0.00004,0.00004,0.00004,0.06310
370,0.00004,0.00004,0.00004,0.06300
371,0.00004,0.00004,0.00004,0.06290
372,0.00004,0.00004,0.00004,0.06280
373,0.00004,0.00004,0.00004,0.06270
374,0.00004,0.00004,0.00004,0.06260
375,0.00004,0.00004,0.00004,0.06250
376,0.00004,0.00004,0.00004,0.06240
377,0.00004,0.00004,0.00004,0.06230
378,0.00004,0.00004,0.00004,0.06220
379,0.00004,0.00004,0.00004,0.06210
380,0.00004,0.00004,0.00004,0.06200
381,0.00004,0.00004,0.00004,0.06190
382,0.00004,0.00004,0.00004,0.06180
383,0.00004,0.00004,0.00004,0.06170
384,0.00004,0.00004,0.00004,0.06160
385,0.00004,0.00004,0.00004,0.06150
386,0.00004,0.00004,0.00004,0.06140
387,0.00004,0.00004,0.00004,0.06130
388,0.00004,0.00004,0.00004,0.06120
389,0.00004,0.00004,0.00004,0.06110
390,0.00004,0.00004,0.00004,0.06100
391,0.00004,0.00004,0.00004,0.06090
392,0.00004,0.00004,0.00004,0.06080
393,0.00004,0.00004,0.00004,0.06070
394,0.00004,0.00004,0.00004,0.06060
395,0.00004,0.00004,0.00004,0.06050
396,0.00004,0.00004,0.00004,0.06040
397,0.00004,0.00004,0.00004,0.06030
398,0.00004,0.00004,0.00004,0.06020
399,0.00004,0.00004,0.00004,0.06010
400,0.00004,0.00004,0.00004,0.06000
401,0.00004,0.00004,0.00004,0.05990
402,0.00004,0.00004,0.00004,0.05980
403,0.00004,0.00004,0.00004,0.05970
404,0.00004,0.00004,0.00004,0.05960
405,0.00004,0.00004,0.00004,0.05950
406,0.00004,0.00004,0.00004,0.05940
407,0.00004,0.00004,0.00004,0.05930
408,0.00004,0.00004,0.00004,0.05920
409,0.00004,0.00004,0.00004,0.05910
410,0.00004,0.00004,0.00004,0.05900
411,0.00004,0.00004,0.00004,0.05890
412,0.00004,0.00004,0.00004,0.05880
413,0.00004,0.00004,0.00004,0.05870
414,0.00004,0.00004,0.00004,0.05860
415,0.00004,0.00004,0.00004,0.05850
416,0.00004,0.00004,0.00004,0.05840
417,0.00004,0.00004,0.00004,0.05830
418,0.00004,0.00004,0.00004,0.05820
419,0.00004,0.00004,0.00004,0.05810
420,0.00004,0.00004,0.00004,0.05800
421,0.00004,0.00004,0.00004,0.05790
422,0.00004,0.00004,0.00004,0.05780
423,0.00004,0.00004,0.00004,0.05770
424,0.00004,0.00004,0.00004,0.05760
425,0.00004,0.00004,0.00004,0.05750
426,0.00004,0.00004,0.00004,0.05740
427,0.00004,0.00004,0.00004,0.05730
428,0.00004,0.00004,0.00004,0.05720
429,0.00004,0.00004,0.00004,0.05710
430,0.00004,0.00004,0.00004,0.05700
431,0.00004,0.00004,0.00004,0.05690
432,0.00004,0.00004,0.00004,0.05680
433,0.00004,0.00004,0.00004,0.05670
434,0.00004,0.00004,0.00004,0.05660
435,0.00004,0.00004,0.00004,0.05650
436,0.00004,0.00004,0.00004,0.05640
437,0.00004,0.00004,0.00004,0.05630
438,0.00004,0.00004,0.00004,0.05620
439,0.00004,0.00004,0.00004,0.05610
440,0.00004,0.00004,0.00004,0.05600
441,0.00004,0.00004,0.00004,0.05590
442,0.00004,0.00004,0.00004,0.05580
443,0.00004,0.00004,0.00004,0.05570
444,0.00004,0.00004,0.00004,0.05560
445,0.00004,0.00004,0.00004,0.05550
446,0.00004,0.00004,0.00004,0.05540
447,0.00004,0.00004,0.00004,0.05530
448,0.00004,0.00004,0.00004,0.05520
449,0.00004,0.00004,0.00004,0.05510
450,0.00004,0.00004,0.00004,0.05500
451,0.00004,0.00004,0.00004,0.05490
452,0.00004,0.00004,0.00004,0.05480
453,0.00004,0.00004,0.00004,0.05470
454,0.00004,0.00004,0.00004,0.05460
455,0.00004,0.00004,0.00004,0.05450
456,0.00004,0.00004,0.00004,0.05440
457,0.00004,0.00004,0.00004,0.05430
458,0.00004,0.00004,0.00004,0.05420
459,0.00004,0.00004,0.00004,0.05410
460,0.00004,0.00004,0.00004,0.05400
461,0.00004,0.00004,0.00004,0.05390
462,0.00004,0.00004,0.00004,0.05380
463,0.00004,0.00004,0.00004,0.05370
464,0.00004,0.00004,0.00004,0.05360
465,0.00004,0.00004,0.00004,0.05350
466,0.00004,0.00004,0.00004,0.05340
467,0.00004,0.00004,0.00004,0.05330
468,0.00004,0.00004,0.00004,0.05320
469,0.00004,0.00004,0.00004,0.05310
470,0.00004,0.00004,0.00004,0.05300
471,0.00004,0.00004,0.00004,0.05290
472,0.00004,0.00004,0.00004,0.05280
473,0.00004,0.00004,0.00004,0.05270
474,0.00004,0.00004,0.00004,0.05260
475,0.00004,0.00004,0.00004,0.05250
476,0.00004,0.00004,0.00004,0.05240
477,0.00004,0.00004,0.00004,0.05230
478,0.00004,0.00004,0.00004,0.05220
479,0.00004,0.00004,0.00004,0.05210
480,0.00004,0.00004,0.00004,0.05200
481,0.00004,0.00004,0.00004,0.05190
482,0.00004,0.00004,0.00004,0.05180
483,0.00004,0.00004,0.00004,0.05170
484,0.00004,0.00004,0.00004,0.05160
485,0.00004,0.00004,0.00004,0.05150
486,0.00004,0.00004,0.00004,0.05140
487,0.00004,0.00004,0.00004,0.05130
488,0.00004,0.00004,0.00004,0.05120
489,0.00004,0.00004,0.00004,0.05110
490,0.00004,0.00004,0.00004,0.05100
491,0.00004,0.00004,0.00004,0.05090
492,0.00004,0.00004,0.00004,0.05080
493,0.00004,0.00004,0.00004,0.05070
494,0.00004,0.00004,0.00004,0.05060
495,0.00004,0.00004,0.00004,0.05050
496,0.00004,0.00004,0.00004,0.05040
497,0.00004,0.00004,0.00004,0.05030
498,0.00004,0.00004,0.00004,0.05020
499,0.00004,0.00004,0.00004,0.05010
500,0.00004,0.00004,0.00004,0.05000
501,0.00004,0.00004,0.00004,0.04990
502,0.00004,0.00004,0.00004,0.04980
503,0.00004,0.00004,0.00004,0.04970
504,0.00004,0.00004,0.00004,0.04960
505,0.00004,0.00004,0.00004,0.04950
506,0.00004,0.00004,0.00004,0.04940
507,0.00004,0.00004,0.00004,0.04930
508,0.00004,0.00004,0.00004,0.04920
509,0.00004,0.00004,0.00004,0.04910
510,0.00004,0.00004,0.00004,0.04900
511,0.00004,0.00004,0.00004,0.04890
512,0.00004,0.00004,0.00004,0.04880
513,0.00004,0.00004,0.00004,0.04870
514,0.00004,0.00004,0.00004,0.04860
515,0.00004,0.00004,0.00004,0.04850
516,0.00004,0.00004,0.00004,0.04840
517,0.00004,0.00004,0.00004,0.04830
518,0.00004,0.00004,0.00004,0.04820
519,0.00004,0.00004,0.00004,0.04810
520,0.00004,0.00004,0.00004,0.04800
521,0.00004,0.00004,0.00004,0.04790
522,0.00004,0.00004,0.00004,0.04780
523,0.00004,0.00004,0.00004,0.04770
524,0.00004,0.00004,0.00004,0.04760
525,0.00004,0.00004,0.00004,0.04750
526,0.00004,0.00004,0.00004,0.04740
527,0.00004,0.00004,0.00004,0.04730
528,0.00004,0.00004,0.00004,0.04720
529,0.00004,0.00004,0.00004,0.04710
530,0.00004,0.00004,0.00004,0.04700
531,0.00004,0.00004,0.00004,0.04690
532,0.00004,0.00004,0.00004,0.04680
533,0.00004,0.00004,0.00004,0.04670
534,0.00004,0.00004,0.00004,0.04660
535,0.00004,0.00004,0.00004,0.04650
536,0.00004,0.00004,0.00004,0.04640
537,0.00004,0.00004,0.00004,0.04630
538,0.00004,0.00004,0.00004,0.04620
539,0.00004,0.00004,0.00004,0.04610
540,0.00004,0.00004,0.00004,0.04600
541,0.00004,0.00004,0.00004,0.04590
542,0.00004,0.00004,0.00004,0.04580
543,0.00004,0.00004,0.00004,0.04570
544,0.00004,0.00004,0.00004,0.04560
545,0.00004,0.00004,0.00004,0.04550
546,0.00004,0.00004,0.00004,0.04540
547,0.00004,0.00004,0.00004,0.04530
548,0.00004,0.00004,0.00004,0.04520
549,0.00004,0.00004,0.00004,0.04510
550,0.00004,0.00004,0.00004,0.04500
551,0.00004,0.00004,0.00004,0.04490
552,0.00004,0.00004,0.00004,0.04480
553,0.00004,0.00004,0.00004,0.04470
554,0.00004,0.00004,0.00004,0.04460
555,0.00004,0.00004,0.00004,0.04450
556,0.00004,0.00004,0.00004,0.04440
557,0.00004,0.00004,0.00004,0.04430
558,0.00004,0.00004,0.00004,0.04420
559,0.00004,0.00004,0.00004,0.04410
560,0.00004,0.00004,0.00004,0.04400
561,0.00004,0.00004,0.00004,0.04390
562,0.00004,0.00004,0.00004,0.04380
563,0.00004,0.00004,0.00004,0.04370
564,0.00004,0.00004,0.00004,0.04360
565,0.00004,0.00004,0.00004,0.04350
566,0.00004,0.00004,0.00004,0.04340
567,0.00004,0.00004,0.00004,0.04330
568,0.00004,0.00004,0.00004,0.04320
569,0.00004,0.00004,0.00004,0.04310
570,0.00004,0.00004,0.00004,0.04300
571,0.00004,0.00004,0.00004,0.04290
572,0.00004,0.00004,0.00004,0.04280
573,0.00004,0.00004,0.00004,0.04270
574,0.00004,0.00004,0.00004,0.04260
575,0.00004,0.00004,0.00004,0.04250
576,0.00004,0.00004,0.00004,0.04240
577,0.00004,0.00004,0.00004,0.04230
578,0.00004,0.00004,0.00004,0.04220
579,0.00004,0.00004,0.00004,0.04210
580,0.00004,0.00004,0.00004,0.04200
581,0.00004,0.00004,0.00004,0.04190
582,0.00004,0.00004,0.00004,0.04180
583,0.00004,0.00004,0.00004,0.04170
584,0.00004,0.00004,0.00004,0.04160
585,0.00004,0.00004,0.00004,0.04150
586,0.00004,0.00004,0.00004,0.04140
587,0.00004,0.00004,0.00004,0.04130
588,0.00004,0.00004,0.00004,0.04120
589,0.00004,0.00004,0.00004,0.04110
590,0.00004,0.00004,0.00004,0.04100
591,0.00004,0.00004,0.00004,0.04090
592,0.00004,0.00004,0.00004,0.04080
593,0.00004,0.00004,0.00004,0.04070
594,0.00004,0.00004,0.00004,0.04060
595,0.00004,0.00004,0.00004,0.04050
596,0.00004,0.00004,0.00004,0.04040
597,0.00004,0.00004,0.00004,0.04030
598,0.00004,0.00004,0.00004,0.04020
599,0.00004,0.00004,0.00004,0.04010
600,0.00004,0.00004,0.00004,0.04000
601,0.00004,0.00004,0.00004,0.03990
602,0.00004,0.00004,0.00004,0.03980
603,0.00004,0.00004,0.00004,0.03970
604,0.00004,0.00004,0.00004,0.03960
605,0.00004,0.00004,0.00004,0.03950
606,0.00004,0.00004,0.00004,0.03940
607,0.00004,0.00004,0.00004,0.03930
608,0.00004,0.00004,0.00004,0.03920
609,0.00004,0.00004,0.00004,0.03910
610,0.00004,0.00004,0.00004,0.03900
611,0.00004,0.00004,0.00004,0.03890
612,0.00004,0.00004,0.00004,0.03880
613,0.00004,0.00004,0.00004,0.03870
614,0.00004,0.00004,0.00004,0.03860
615,0.00004,0.00004,0.00004,0.03850
616,0.00004,0.00004,0.00004,0.03840
617,0.00004,0.00004,0.00004,0.03830
618,0.00004,0.00004,0.00004,0.03820
619,0.00004,0.00004,0.00004,0.03810
620,0.00004,0.00004,0.00004,0.03800
621,0.00005,0.00004,0.00004,0.03790
622,0.00005,0.00004,0.00004,0.03780
623,0.00005,0.00004,0.00004,0.03770
624,0.00005,0.00004,0.00004,0.03760
625,0.00005,0.00004,0.00004,0.03750
626,0.00005,0.00004,0.00005,0.03740
627,0.00005,0.00004,0.00005,0.03730
628,0.00005,0.00004,0.00005,0.03720
629,0.00005,0.00005,0.00005,0.03710
630,0.00005,0.00005,0.00005,0.03700
631,0.00005,0.00005,0.00005,0.03690
632,0.00005,0.00005,0.00005,0.03680
633,0.00005,0.00005,0.00005,0.03670
634,0.00005,0.00005,0.00005,0.03660
635,0.00005,0.00005,0.00005,0.03650
636,0.00005,0.00005,0.00005,0.03640
637,0.00005,0.00005,0.00005,0.03630
638,0.00005,0.00005,0.00005,0.03620
639,0.00005,0.00005,0.00005,0.03610
640,0.00005,0.00005,0.00005,0.03600
641,0.00005,0.00005,0.00005,0.03590
642,0.00005,0.00005,0.00005,0.03580
643,0.00005,0.00005,0.00005,0.03570
644,0.00005,0.00005,0.00005,0.03560
645,0.00005,0.00005,0.00005,0.03550
646,0.00005,0.00005,0.00005,0.03540
647,0.00005,0.00005,0.00005,0.03530
648,0.00005,0.00005,0.00005,0.03520
649,0.00005,0.00005,0.00005,0.03510
650,0.00005,0.00005,0.00005,0.03500
651,0.00005,0.00005,0.00005,0.03490
652,0.00005,0.00005,0.00005,0.03480
653,0.00005,0.00005,0.00005,0.03470
654,0.00005,0.00005,0.00005,0.03460
655,0.00005,0.00005,0.00005,0.03450
656,0.00005,0.00005,0.00005,0.03440
657,0.00005,0.00005,0.00005,0.03430
658,0.00005,0.00005,0.00005,0.03420
659,0.00005,0.00005,0.00005,0.03410
660,0.00005,0.00005,0.00005,0.03400
661,0.00005,0.00005,0.00005,0.03390
662,0.00005,0.00005,0.00005,0.03380
663,0.00005,0.00005,0.00005,0.03370
664,0.00005,0.00005,0.00005,0.03360
665,0.00005,0.00005,0.00005,0.03350
666,0.00005,0.00005,0.00005,0.03340
667,0.00005,0.00005,0.00005,0.03330
668,0.00005,0.00005,0.00005,0.03320
669,0.00005,0.00005,0.00005,0.03310
670,0.00005,0.00005,0.00005,0.03300
671,0.00005,0.00005,0.00005,0.03290
672,0.00005,0.00005,0.00005,0.03280
673,0.00005,0.00005,0.00005,0.03270
674,0.00005,0.00005,0.00005,0.03260
675,0.00005,0.00005,0.00005,0.03250
676,0.00005,0.00005,0.00005,0.03240
677,0.00005,0.00005,0.00005,0.03230
678,0.00005,0.00005,0.00005,0.03220
679,0.00005,0.00005,0.00005,0.03210
680,0.00005,0.00005,0.00005,0.03200
681,0.00005,0.00005,0.00005,0.03190
682,0.00005,0.00005,0.00005,0.03180
683,0.00005,0.00005,0.00005,0.03170
684,0.00005,0.00005,0.00005,0.03160
685,0.00005,0.00005,0.00005,0.03150
686,0.00005,0.00005,0.00005,0.03140
687,0.00005,0.00005,0.00005,0.03130
688,0.00005,0.00005,0.00005,0.03120
689,0.00005,0.00005,0.00005,0.03110
690,0.00005,0.00005,0.00005,0.03100
691,0.00005,0.00005,0.00005,0.03090
692,0.00005,0.00005,0.00005,0.03080
693,0.00005,0.00005,0.00005,0.03070
694,0.00005,0.00005,0.00005,0.03060
695,0.00005,0.00005,0.00005,0.03050
696,0.00005,0.00005,0.00005,0.03040
697,0.00005,0.00005,0.00005,0.03030
698,0.00005,0.00005,0.00005,0.03020
699,0.00005,0.00005,0.00005,0.03010
700,0.00005,0.00005,0.00005,0.03000
701,0.00005,0.00005,0.00005,0.02990
702,0.00005,0.00005,0.00005,0.02980
703,0.00005,0.00005,0.00005,0.02970
704,0.00005,0.00005,0.00005,0.02960
705,0.00005,0.00005,0.00005,0.02950
706,0.00005,0.00005,0.00005,0.02940
707,0.00005,0.00005,0.00005,0.02930
708,0.00005,0.00005,0.00005,0.02920
709,0.00005,0.00005,0.00005,0.02910
710,0.00005,0.00005,0.00005,0.02900
711,0.00005,0.00005,0.00005,0.02890
712,0.00005,0.00005,0.00005,0.02880
713,0.00005,0.00005,0.00005,0.02870
714,0.00005,0.00005,0.00005,0.02860
715,0.00005,0.00005,0.00005,0.02850
716,0.00005,0.00005,0.00005,0.02840
717,0.00005,0.00005,0.00005,0.02830
718,0.00005,0.00005,0.00005,0.02820
719,0.00005,0.00005,0.00005,0.02810
720,0.00005,0.00005,0.00005,0.02800
721,0.00005,0.00005,0.00005,0.02790
722,0.00005,0.00005,0.00005,0.02780
723,0.00005,0.00005,0.00005,0.02770
724,0.00005,0.00005,0.00005,0.02760
725,0.00005,0.00005,0.00005,0.02750
726,0.00005,0.00005,0.00005,0.02740
727,0.00005,0.00005,0.00005,0.02730
728,0.00005,0.00005,0.00005,0.02720
729,0.00005,0.00005,0.00005,0.02710
730,0.00005,0.00005,0.00005,0.02700
731,0.00005,0.00005,0.00005,0.02690
732,0.00005,0.00005,0.00005,0.02680
733,0.00005,0.00005,0.00005,0.02670
734,0.00005,0.00005,0.00005,0.02660
735,0.00005,0.00005,0.00005,0.02650
736,0.00005,0.00005,0.00005,0.02640
737,0.00005,0.00005,0.00005,0.02630
738,0.00005,0.00005,0.00005,0.02620
739,0.00005,0.00005,0.00005,0.02610
740,0.00005,0.00005,0.00005,0.02600
741,0.00005,0.00005,0.00005,0.02590
742,0.00005,0.00005,0.00005,0.02580
743,0.00005,0.00005,0.00005,0.02570
744,0.00005,0.00005,0.00005,0.02560
745,0.00005,0.00005,0.00005,0.02550
746,0.00005,0.00005,0.00005,0.02540
747,0.00005,0.00005,0.00005,0.02530
748,0.00005,0.00005,0.00005,0.02520
749,0.00005,0.00005,0.00005,0.02510
750,0.00005,0.00005,0.00005,0.02500
751,0.00005,0.00005,0.00005,0.02490
752,0.00005,0.00005,0.00005,0.02480
753,0.00005,0.00005,0.00005,0.02470
754,0.00005,0.00005,0.00005,0.02460
755,0.00005,0.00005,0.00005,0.02450
756,0.00005,0.00005,0.00005,0.02440
757,0.00005,0.00005,0.00005,0.02430
758,0.00005,0.00005,0.00005,0.02420
759,0.00005,0.00005,0.00005,0.02410
760,0.00005,0.00005,0.00005,0.02400
761,0.00005,0.00005,0.00005,0.02390
762,0.00005,0.00005,0.00005,0.02380
763,0.00005,0.00005,0.00005,0.02370
764,0.00005,0.00005,0.00005,0.02360
765,0.00005,0.00005,0.00005,0.02350
766,0.00005,0.00005,0.00005,0.02340
767,0.00005,0.00005,0.00005,0.02330
768,0.00005,0.00005,0.00005,0.02320
769,0.00005,0.00005,0.00005,0.02310
770,0.00005,0.00005,0.00005,0.02300
771,0.00005,0.00005,0.00005,0.02290
772,0.00005,0.00005,0.00005,0.02280
773,0.00005,0.00005,0.00005,0.02270
774,0.00005,0.00005,0.00005,0.02260
775,0.00005,0.00005,0.00005,0.02250
776,0.00005,0.00005,0.00005,0.02240
777,0.00005,0.00005,0.00005,0.02230
778,0.00005,0.00005,0.00005,0.02220
779,0.00005,0.00005,0.00005,0.02210
780,0.00005,0.00005,0.00005,0.02200
781,0.00005,0.00005,0.00005,0.02190
782,0.00005,0.00005,0.00005,0.02180
783,0.00005,0.00005,0.00005,0.02170
784,0.00005,0.00005,0.00005,0.02160
785,0.00005,0.00005,0.00005,0.02150
786,0.00005,0.00005,0.00005,0.02140
787,0.00005,0.00005,0.00005,0.02130
788,0.00005,0.00005,0.00005,0.02120
789,0.00005,0.00005,0.00005,0.02110
790,0.00005,0.00005,0.00005,0.02100
791,0.00005,0.00005,0.00005,0.02090
792,0.00005,0.00005,0.00005,0.02080
793,0.00005,0.00005,0.00005,0.02070
794,0.00005,0.00005,0.00005,0.02060
795,0.00005,0.00005,0.00005,0.02050
796,0.00005,0.00005,0.00005,0.02040
797,0.00005,0.00005,0.00005,0.02030
798,0.00005,0.00005,0.00005,0.02020
799,0.00005,0.00005,0.00005,0.02010
800,0.00005,0.00005,0.00005,0.02000
801,0.00005,0.00005,0.00005,0.01990
802,0.00005,0.00005,0.00005,0.01980
803,0.00005,0.00005,0.00005,0.01970
804,0.00005,0.00005,0.00005,0.01960
805,0.00005,0.00005,0.00005,0.01950
806,0.00005,0.00005,0.00005,0.01940
807,0.00005,0.00005,0.00005,0.01930
808,0.00005,0.00005,0.00005,0.01920
809,0.00005,0.00005,0.00005,0.01910
810,0.00005,0.00005,0.00005,0.01900
811,0.00005,0.00005,0.00005,0.01890
812,0.00005,0.00005,0.00005,0.01880
813,0.00005,0.00005,0.00005,0.01870
814,0.00005,0.00005,0.00005,0.01860
815,0.00005,0.00005,0.00005,0.01850
816,0.00005,0.00005,0.00005,0.01840
817,0.00005,0.00005,0.00005,0.01830
818,0.00005,0.00005,0.00005,0.01820
819,0.00005,0.00005,0.00005,0.01810
820,0.00005,0.00005,0.00005,0.01800
821,0.00005,0.00005,0.00005,0.01790
822,0.00005,0.00005,0.00005,0.01780
823,0.00005,0.00005,0.00005,0.01770
824,0.00005,0.00005,0.00005,0.01760
825,0.00005,0.00005,0.00005,0.01750
826,0.00005,0.00005,0.00005,0.01740
827,0.00005,0.00005,0.00005,0.01730
828,0.00005,0.00005,0.00005,0.01720
829,0.00005,0.00005,0.00005,0.01710
830,0.00005,0.00005,0.00005,0.01700
831,0.00005,0.00005,0.00005,0.01690
832,0.00005,0.00005,0.00005,0.01680
833,0.00005,0.00005,0.00005,0.01670
834,0.00005,0.00005,0.00005,0.01660
835,0.00005,0.00005,0.00005,0.01650
836,0.00005,0.00005,0.00005,0.01640
837,0.00005,0.00005,0.00005,0.01630
838,0.00005,0.00005,0.00005,0.01620
839,0.00005,0.00005,0.00005,0.01610
840,0.00005,0.00005,0.00005,0.01600
841,0.00005,0.00005,0.00005,0.01590
842,0.00005,0.00005,0.00005,0.01580
843,0.00005,0.00005,0.00005,0.01570
844,0.00005,0.00005,0.00005,0.01560
845,0.00005,0.00005,0.00005,0.01550
846,0.00005,0.00005,0.00005,0.01540
847,0.00005,0.00005,0.00005,0.01530
848,0.00005,0.00005,0.00005,0.01520
849,0.00005,0.00005,0.00005,0.01510
850,0.00005,0.00005,0.00005,0.01500
851,0.00005,0.00005,0.00005,0.01490
852,0.00005,0.00005,0.00005,0.01480
853,0.00005,0.00005,0.00005,0.01470
854,0.00005,0.00005,0.00005,0.01460
855,0.00005,0.00005,0.00005,0.01450
856,0.00005,0.00005,0.00005,0.01440
857,0.00005,0.00005,0.00005,0.01430
858,0.00005,0.00005,0.00005,0.01420
859,0.00005,0.00005,0.00005,0.01410
860,0.00005,0.00005,0.00005,0.01400
861,0.00005,0.00005,0.00005,0.01390
862,0.00005,0.00005,0.00005,0.01380
863,0.00005,0.00005,0.00005,0.01370
864,0.00005,0.00005,0.00005,0.01360
865,0.00005,0.00005,0.00005,0.01350
866,0.00005,0.00005,0.00005,0.01340
867,0.00005,0.00005,0.00005,0.01330
868,0.00005,0.00005,0.00005,0.01320
869,0.00005,0.00005,0.00005,0.01310
870,0.00005,0.00005,0.00005,0.01300
871,0.00005,0.00005,0.00005,0.01290
872,0.00005,0.00005,0.00005,0.01280
873,0.00005,0.00005,0.00005,0.01270
874,0.00005,0.00005,0.00005,0.01260
875,0.00005,0.00005,0.00005,0.01250
876,0.00005,0.00005,0.00005,0.01240
877,0.00005,0.00005,0.00005,0.01230
878,0.00005,0.00005,0.00005,0.01220
879,0.00005,0.00005,0.00005,0.01210
880,0.00005,0.00005,0.00005,0.01200
881,0.00005,0.00005,0.00005,0.01190
882,0.00005,0.00005,0.00005,0.01180
883,0.00005,0.00005,0.00005,0.01170
884,0.00005,0.00005,0.00005,0.01160
885,0.00005,0.00005,0.00005,0.01150
886,0.00005,0.00005,0.00005,0.01140
887,0.00005,0.00005,0.00005,0.01130
888,0.00005,0.00005,0.00005,0.01120
889,0.00005,0.00005,0.00005,0.01110
890,0.00005,0.00005,0.00005,0.01100
891,0.00005,0.00005,0.00005,0.01090
892,0.00005,0.00005,0.00005,0.01080
893,0.00005,0.00005,0.00005,0.01070
894,0.00005,0.00005,0.00005,0.01060
895,0.00005,0.00005,0.00005,0.01050
896,0.00005,0.00005,0.00005,0.01040
897,0.00005,0.00005,0.00005,0.01030
898,0.00005,0.00005,0.00005,0.01020
899,0.00005,0.00005,0.00005,0.01010
900,0.00005,0.00005,0.00005,0.01000
901,0.00005,0.00005,0.00005,0.00990
902,0.00005,0.00005,0.00005,0.00980
903,0.00005,0.00005,0.00005,0.00970
904,0.00005,0.00005,0.00005,0.00960
905,0.00005,0.00005,0.00005,0.00950
906,0.00005,0.00005,0.00005,0.00940
907,0.00005,0.00005,0.00005,0.00930
908,0.00005,0.00005,0.00005,0.00920
909,0.00005,0.00005,0.00005,0.00910
910,0.00005,0.00005,0.00005,0.00900
911,0.00005,0.00005,0.00005,0.00890
912,0.00005,0.00005,0.00005,0.00880
913,0.00005,0.00005,0.00005,0.00870
914,0.00005,0.00005,0.00005,0.00860
915,0.00005,0.00005,0.00005,0.00850
916,0.00005,0.00005,0.00005,0.00840
917,0.00005,0.00005,0.00005,0.00830
918,0.00005,0.00005,0.00005,0.00820
919,0.00005,0.00005,0.00005,0.00810
920,0.00005,0.00005,0.00005,0.00800
921,0.00005,0.00005,0.00005,0.00790
922,0.00005,0.00005,0.00005,0.00780
923,0.00005,0.00005,0.00005,0.00770
924,0.00005,0.00005,0.00005,0.00760
925,0.00005,0.00005,0.00005,0.00750
926,0.00005,0.00005,0.00005,0.00740
927,0.00005,0.00005,0.00005,0.00730
928,0.00005,0.00005,0.00005,0.00720
929,0.00005,0.00005,0.00005,0.00710
930,0.00005,0.00005,0.00005,0.00700
931,0.00005,0.00005,0.00005,0.00690
932,0.00005,0.00005,0.00005,0.00680
933,0.00005,0.00005,0.00005,0.00670
934,0.00005,0.00005,0.00005,0.00660
935,0.00005,0.00005,0.00005,0.00650
936,0.00005,0.00005,0.00005,0.00640
937,0.00005,0.00005,0.00005,0.00630
938,0.00005,0.00005,0.00005,0.00620
939,0.00005,0.00005,0.00005,0.00610
940,0.00005,0.00005,0.00005,0.00600
941,0.00005,0.00005,0.00005,0.00590
942,0.00005,0.00005,0.00005,0.00580
943,0.00005,0.00005,0.00005,0.00570
944,0.00005,0.00005,0.00005,0.00560
945,0.00005,0.00005,0.00005,0.00550
946,0.00005,0.00005,0.00005,0.00540
947,0.00005,0.00005,0.00005,0.00530
948,0.00005,0.00005,0.00005,0.00520
949,0.00005,0.00005,0.00005,0.00510
950,0.00005,0.00005,0.00005,0.00500
951,0.00005,0.00005,0.00005,0.00490
952,0.00005,0.00005,0.00005,0.00480
953,0.00005,0.00005,0.00005,0.00470
954,0.00005,0.00005,0.00005,0.00460
955,0.00005,0.00005,0.00005,0.00450
956,0.00005,0.00005,0.00005,0.00440
957,0.00005,0.00005,0.00005,0.00430
958,0.00005,0.00005,0.00005,0.00420
959,0.00005,0.00005,0.00005,0.00410
960,0.00005,0.00005,0.00005,0.00400
961,0.00005,0.00005,0.00005,0.00390
962,0.00005,0.00005,0.00005,0.00380
963,0.00005,0.00005,0.00005,0.00370
964,0.00005,0.00005,0.00005,0.00360
965,0.00005,0.00005,0.00005,0.00350
966,0.00005,0.00005,0.00005,0.00340
967,0.00005,0.00005,0.00005,0.00330
968,0.00005,0.00005,0.00005,0.00320
969,0.00005,0.00005,0.00005,0.00310
970,0.00005,0.00005,0.00005,0.00300
971,0.00005,0.00005,0.00005,0.00290
972,0.00005,0.00005,0.00005,0.00280
973,0.00005,0.00005,0.00005,0.00270
974,0.00005,0.00005,0.00005,0.00260
975,0.00005,0.00005,0.00005,0.00250
976,0.00005,0.00005,0.00005,0.00240
977,0.00005,0.00005,0.00005,0.00230
978,0.00005,0.00005,0.00005,0.00220
979,0.00005,0.00005,0.00005,0.00210
980,0.00005,0.00005,0.00005,0.00200
981,0.00005,0.00005,0.00005,0.00190
982,0.00005,0.00005,0.00005,0.00180
983,0.00005,0.00005,0.00005,0.00170
984,0.00005,0.00005,0.00005,0.00160
985,0.00005,0.00005,0.00005,0.00150
986,0.00005,0.00005,0.00005,0.00140
987,0.00005,0.00005,0.00005,0.00130
988,0.00005,0.00005,0.00005,0.00120
989,0.00005,0.00005,0.00005,0.00110
990,0.00005,0.00005,0.00005,0.00100
991,0.00005,0.00005,0.00005,0.00090
992,0.00005,0.00005,0.00005,0.00080
993,0.00005,0.00005,0.00005,0.00070
994,0.00005,0.00005,0.00005,0.00060
995,0.00005,0.00005,0.00005,0.00050
996,0.00005,0.00005,0.00005,0.00040
997,0.00005,0.00005,0.00005,0.00030
998,0.00005,0.00005,0.00005,0.00020
999,0.00005,0.00005,0.00005,0.00010
